<?xml version="1.0" ?>
<LOG_ROOT>
	<PROJECT NAME="slaveFIFO2b_partial">
		<CBX_INST_ENTRY INSTANCE_NAME="|slaveFIFO2b_partial|sld_signaltap:auto_signaltap_0|sld_signaltap_impl:sld_signaltap_body|sld_signaltap_implb:sld_signaltap_body|altdpram:\stp_non_zero_ram_gen:attribute_mem_gen:attribute_mem|lpm_mux:mux" CBX_FILE_NAME="mux_grc.tdf"/>
		<CBX_INST_ENTRY INSTANCE_NAME="|slaveFIFO2b_partial|sld_signaltap:auto_signaltap_0|sld_signaltap_impl:sld_signaltap_body|sld_signaltap_implb:sld_signaltap_body|sld_offload_buffer_mgr:\stp_non_zero_depth_offload_gen:stp_offload_buff_mgr_inst|LPM_COUNTER:\adv_point_3_and_more:advance_pointer_counter" CBX_FILE_NAME="cntr_9fi.tdf"/>
		<CBX_INST_ENTRY INSTANCE_NAME="|slaveFIFO2b_partial|ddr:inst_ddr_to_send_clk_out|altddio_out:ALTDDIO_OUT_component" CBX_FILE_NAME="ddio_out_g8j.tdf"/>
		<CBX_INST_ENTRY INSTANCE_NAME="|slaveFIFO2b_partial|pll:inst_clk_pll|altpll:altpll_component" CBX_FILE_NAME="pll_altpll.v"/>
		<CBX_INST_ENTRY INSTANCE_NAME="|slaveFIFO2b_partial|sld_signaltap:auto_signaltap_0|sld_signaltap_impl:sld_signaltap_body|sld_signaltap_implb:sld_signaltap_body|altdpram:\stp_non_zero_ram_gen:attribute_mem_gen:attribute_mem|lpm_decode:wdecoder" CBX_FILE_NAME="decode_4uf.tdf"/>
		<CBX_INST_ENTRY INSTANCE_NAME="|slaveFIFO2b_partial|sld_signaltap:auto_signaltap_0|sld_signaltap_impl:sld_signaltap_body|sld_signaltap_implb:sld_signaltap_body|altsyncram:\stp_non_zero_ram_gen:stp_buffer_ram" CBX_FILE_NAME="altsyncram_rv14.tdf"/>
		<CBX_INST_ENTRY INSTANCE_NAME="|slaveFIFO2b_partial|sld_signaltap:auto_signaltap_0|sld_signaltap_impl:sld_signaltap_body|sld_signaltap_implb:sld_signaltap_body|sld_offload_buffer_mgr:\stp_non_zero_depth_offload_gen:stp_offload_buff_mgr_inst|LPM_COUNTER:status_advance_pointer_counter" CBX_FILE_NAME="cntr_3fi.tdf"/>
		<CBX_INST_ENTRY INSTANCE_NAME="|slaveFIFO2b_partial|sld_signaltap:auto_signaltap_0|sld_signaltap_impl:sld_signaltap_body|sld_signaltap_implb:sld_signaltap_body|sld_offload_buffer_mgr:\stp_non_zero_depth_offload_gen:stp_offload_buff_mgr_inst|LPM_COUNTER:status_read_pointer_counter" CBX_FILE_NAME="cntr_p1j.tdf"/>
		<CBX_INST_ENTRY INSTANCE_NAME="|slaveFIFO2b_partial|sld_signaltap:auto_signaltap_0|sld_signaltap_impl:sld_signaltap_body|sld_signaltap_implb:sld_signaltap_body|sld_offload_buffer_mgr:\stp_non_zero_depth_offload_gen:stp_offload_buff_mgr_inst|LPM_COUNTER:read_pointer_counter" CBX_FILE_NAME="cntr_v7j.tdf"/>
	</PROJECT>
</LOG_ROOT>
